<?xml version="1.0" encoding="ISO-8859-1"?>
<web-fragment version="3.1" xmlns="http://xmlns.jcp.org/xml/ns/javaee" 
    xmlns:xsi="http://www.w3.org/2001/XMLSchema-instance" 
    xsi:schemaLocation="http://xmlns.jcp.org/xml/ns/javaee http://xmlns.jcp.org/xml/ns/javaee/web-fragment_3_1.xsd">

    <servlet>
        <servlet-name>FragmentServlet</servlet-name>
        <servlet-class>fragment.servlet.FragmentServlet</servlet-class>
    </servlet>
    <servlet-mapping>
        <servlet-name>FragmentServlet</servlet-name>
        <url-pattern>/fragment</url-pattern>        
    </servlet-mapping>
</web-fragment>
